Code Domaine,Domaine,Code zone,Zone,Code Élément,Élément,Code Produit,Produit,Code année,Année,Unité,Valeur,Symbole,Description du Symbole,Note
"FS","Données de la sécurité alimentaire","2","Afghanistan","6126","Valeur","22013","PIB par habitant, ($ PPA internationaux constants de 2011)","2013","2013","I$","1807.8","X","Sources internationales sûres",""
"FS","Données de la sécurité alimentaire","202","Afrique du Sud","6126","Valeur","22013","PIB par habitant, ($ PPA internationaux constants de 2011)","2013","2013","I$","12357.7","X","Sources internationales sûres",""
"FS","Données de la sécurité alimentaire","3","Albanie","6126","Valeur","22013","PIB par habitant, ($ PPA internationaux constants de 2011)","2013","2013","I$","10492.7","X","Sources internationales sûres",""
"FS","Données de la sécurité alimentaire","4","Algérie","6126","Valeur","22013","PIB par habitant, ($ PPA internationaux constants de 2011)","2013","2013","I$","13322.6","X","Sources internationales sûres",""
"FS","Données de la sécurité alimentaire","79","Allemagne","6126","Valeur","22013","PIB par habitant, ($ PPA internationaux constants de 2011)","2013","2013","I$","42914.5","X","Sources internationales sûres",""
"FS","Données de la sécurité alimentaire","7","Angola","6126","Valeur","22013","PIB par habitant, ($ PPA internationaux constants de 2011)","2013","2013","I$","6730.9","X","Sources internationales sûres",""
"FS","Données de la sécurité alimentaire","8","Antigua-et-Barbuda","6126","Valeur","22013","PIB par habitant, ($ PPA internationaux constants de 2011)","2013","2013","I$","20121.3","X","Sources internationales sûres",""
"FS","Données de la sécurité alimentaire","194","Arabie saoudite","6126","Valeur","22013","PIB par habitant, ($ PPA internationaux constants de 2011)","2013","2013","I$","49359.5","X","Sources internationales sûres",""
"FS","Données de la sécurité alimentaire","9","Argentine","6126","Valeur","22013","PIB par habitant, ($ PPA internationaux constants de 2011)","2013","2013","I$","19637.8","X","Sources internationales sûres",""
"FS","Données de la sécurité alimentaire","1","Arménie","6126","Valeur","22013","PIB par habitant, ($ PPA internationaux constants de 2011)","2013","2013","I$","7717.1","X","Sources internationales sûres",""
"FS","Données de la sécurité alimentaire","10","Australie","6126","Valeur","22013","PIB par habitant, ($ PPA internationaux constants de 2011)","2013","2013","I$","43218.3","X","Sources internationales sûres",""
"FS","Données de la sécurité alimentaire","11","Autriche","6126","Valeur","22013","PIB par habitant, ($ PPA internationaux constants de 2011)","2013","2013","I$","44301.1","X","Sources internationales sûres",""
"FS","Données de la sécurité alimentaire","52","Azerbaïdjan","6126","Valeur","22013","PIB par habitant, ($ PPA internationaux constants de 2011)","2013","2013","I$","16600.9","X","Sources internationales sûres",""
"FS","Données de la sécurité alimentaire","12","Bahamas","6126","Valeur","22013","PIB par habitant, ($ PPA internationaux constants de 2011)","2013","2013","I$","29663.3","X","Sources internationales sûres",""
"FS","Données de la sécurité alimentaire","13","Bahreïn","6126","Valeur","22013","PIB par habitant, ($ PPA internationaux constants de 2011)","2013","2013","I$","42692.6","X","Sources internationales sûres",""
"FS","Données de la sécurité alimentaire","16","Bangladesh","6126","Valeur","22013","PIB par habitant, ($ PPA internationaux constants de 2011)","2013","2013","I$","2925","X","Sources internationales sûres",""
"FS","Données de la sécurité alimentaire","14","Barbade","6126","Valeur","22013","PIB par habitant, ($ PPA internationaux constants de 2011)","2013","2013","I$","16305.2","X","Sources internationales sûres",""
"FS","Données de la sécurité alimentaire","57","Bélarus","6126","Valeur","22013","PIB par habitant, ($ PPA internationaux constants de 2011)","2013","2013","I$","17644.9","X","Sources internationales sûres",""
"FS","Données de la sécurité alimentaire","255","Belgique","6126","Valeur","22013","PIB par habitant, ($ PPA internationaux constants de 2011)","2013","2013","I$","41014","X","Sources internationales sûres",""
"FS","Données de la sécurité alimentaire","23","Belize","6126","Valeur","22013","PIB par habitant, ($ PPA internationaux constants de 2011)","2013","2013","I$","7765","X","Sources internationales sûres",""
"FS","Données de la sécurité alimentaire","53","Bénin","6126","Valeur","22013","PIB par habitant, ($ PPA internationaux constants de 2011)","2013","2013","I$","1934.6","X","Sources internationales sûres",""
"FS","Données de la sécurité alimentaire","17","Bermudes","6126","Valeur","22013","PIB par habitant, ($ PPA internationaux constants de 2011)","2013","2013","I$","50669.3","X","Sources internationales sûres",""
"FS","Données de la sécurité alimentaire","18","Bhoutan","6126","Valeur","22013","PIB par habitant, ($ PPA internationaux constants de 2011)","2013","2013","I$","7615.6","X","Sources internationales sûres",""
"FS","Données de la sécurité alimentaire","19","Bolivie (État plurinational de)","6126","Valeur","22013","PIB par habitant, ($ PPA internationaux constants de 2011)","2013","2013","I$","6008.6","X","Sources internationales sûres",""
"FS","Données de la sécurité alimentaire","80","Bosnie-Herzégovine","6126","Valeur","22013","PIB par habitant, ($ PPA internationaux constants de 2011)","2013","2013","I$","10466.1","X","Sources internationales sûres",""
"FS","Données de la sécurité alimentaire","20","Botswana","6126","Valeur","22013","PIB par habitant, ($ PPA internationaux constants de 2011)","2013","2013","I$","15727.2","X","Sources internationales sûres",""
"FS","Données de la sécurité alimentaire","21","Brésil","6126","Valeur","22013","PIB par habitant, ($ PPA internationaux constants de 2011)","2013","2013","I$","15535.6","X","Sources internationales sûres",""
"FS","Données de la sécurité alimentaire","26","Brunéi Darussalam","6126","Valeur","22013","PIB par habitant, ($ PPA internationaux constants de 2011)","2013","2013","I$","79323.4","X","Sources internationales sûres",""
"FS","Données de la sécurité alimentaire","27","Bulgarie","6126","Valeur","22013","PIB par habitant, ($ PPA internationaux constants de 2011)","2013","2013","I$","15938.9","X","Sources internationales sûres",""
"FS","Données de la sécurité alimentaire","233","Burkina Faso","6126","Valeur","22013","PIB par habitant, ($ PPA internationaux constants de 2011)","2013","2013","I$","1562.3","X","Sources internationales sûres",""
"FS","Données de la sécurité alimentaire","29","Burundi","6126","Valeur","22013","PIB par habitant, ($ PPA internationaux constants de 2011)","2013","2013","I$","760.7","X","Sources internationales sûres",""
"FS","Données de la sécurité alimentaire","35","Cabo Verde","6126","Valeur","22013","PIB par habitant, ($ PPA internationaux constants de 2011)","2013","2013","I$","6061.3","X","Sources internationales sûres",""
"FS","Données de la sécurité alimentaire","115","Cambodge","6126","Valeur","22013","PIB par habitant, ($ PPA internationaux constants de 2011)","2013","2013","I$","2963.5","X","Sources internationales sûres",""
"FS","Données de la sécurité alimentaire","32","Cameroun","6126","Valeur","22013","PIB par habitant, ($ PPA internationaux constants de 2011)","2013","2013","I$","3041","X","Sources internationales sûres",""
"FS","Données de la sécurité alimentaire","33","Canada","6126","Valeur","22013","PIB par habitant, ($ PPA internationaux constants de 2011)","2013","2013","I$","42362.4","X","Sources internationales sûres",""
"FS","Données de la sécurité alimentaire","40","Chili","6126","Valeur","22013","PIB par habitant, ($ PPA internationaux constants de 2011)","2013","2013","I$","21862.4","X","Sources internationales sûres",""
"FS","Données de la sécurité alimentaire","351","Chine","6126","Valeur","22013","PIB par habitant, ($ PPA internationaux constants de 2011)","2013","2013","I$","12175.2","X","Sources internationales sûres",""
"FS","Données de la sécurité alimentaire","50","Chypre","6126","Valeur","22013","PIB par habitant, ($ PPA internationaux constants de 2011)","2013","2013","I$","29977.9","X","Sources internationales sûres",""
"FS","Données de la sécurité alimentaire","44","Colombie","6126","Valeur","22013","PIB par habitant, ($ PPA internationaux constants de 2011)","2013","2013","I$","12430.6","X","Sources internationales sûres",""
"FS","Données de la sécurité alimentaire","45","Comores","6126","Valeur","22013","PIB par habitant, ($ PPA internationaux constants de 2011)","2013","2013","I$","2533.4","X","Sources internationales sûres",""
"FS","Données de la sécurité alimentaire","46","Congo","6126","Valeur","22013","PIB par habitant, ($ PPA internationaux constants de 2011)","2013","2013","I$","5465","X","Sources internationales sûres",""
"FS","Données de la sécurité alimentaire","48","Costa Rica","6126","Valeur","22013","PIB par habitant, ($ PPA internationaux constants de 2011)","2013","2013","I$","13929.6","X","Sources internationales sûres",""
"FS","Données de la sécurité alimentaire","107","Côte d'Ivoire","6126","Valeur","22013","PIB par habitant, ($ PPA internationaux constants de 2011)","2013","2013","I$","2864","X","Sources internationales sûres",""
"FS","Données de la sécurité alimentaire","98","Croatie","6126","Valeur","22013","PIB par habitant, ($ PPA internationaux constants de 2011)","2013","2013","I$","20299.5","X","Sources internationales sûres",""
"FS","Données de la sécurité alimentaire","54","Danemark","6126","Valeur","22013","PIB par habitant, ($ PPA internationaux constants de 2011)","2013","2013","I$","44564.5","X","Sources internationales sûres",""
"FS","Données de la sécurité alimentaire","55","Dominique","6126","Valeur","22013","PIB par habitant, ($ PPA internationaux constants de 2011)","2013","2013","I$","10065.5","X","Sources internationales sûres",""
"FS","Données de la sécurité alimentaire","59","Égypte","6126","Valeur","22013","PIB par habitant, ($ PPA internationaux constants de 2011)","2013","2013","I$","9971","X","Sources internationales sûres",""
"FS","Données de la sécurité alimentaire","60","El Salvador","6126","Valeur","22013","PIB par habitant, ($ PPA internationaux constants de 2011)","2013","2013","I$","6764.1","X","Sources internationales sûres",""
"FS","Données de la sécurité alimentaire","225","Émirats arabes unis","6126","Valeur","22013","PIB par habitant, ($ PPA internationaux constants de 2011)","2013","2013","I$","60403","X","Sources internationales sûres",""
"FS","Données de la sécurité alimentaire","58","Équateur","6126","Valeur","22013","PIB par habitant, ($ PPA internationaux constants de 2011)","2013","2013","I$","10634.3","X","Sources internationales sûres",""
"FS","Données de la sécurité alimentaire","203","Espagne","6126","Valeur","22013","PIB par habitant, ($ PPA internationaux constants de 2011)","2013","2013","I$","30678.9","X","Sources internationales sûres",""
"FS","Données de la sécurité alimentaire","63","Estonie","6126","Valeur","22013","PIB par habitant, ($ PPA internationaux constants de 2011)","2013","2013","I$","26282.9","X","Sources internationales sûres",""
"FS","Données de la sécurité alimentaire","209","Eswatini","6126","Valeur","22013","PIB par habitant, ($ PPA internationaux constants de 2011)","2013","2013","I$","9201.5","X","Sources internationales sûres",""
"FS","Données de la sécurité alimentaire","231","États-Unis d'Amérique","6126","Valeur","22013","PIB par habitant, ($ PPA internationaux constants de 2011)","2013","2013","I$","51208.9","X","Sources internationales sûres",""
"FS","Données de la sécurité alimentaire","238","Éthiopie","6126","Valeur","22013","PIB par habitant, ($ PPA internationaux constants de 2011)","2013","2013","I$","1318.8","X","Sources internationales sûres",""
"FS","Données de la sécurité alimentaire","185","Fédération de Russie","6126","Valeur","22013","PIB par habitant, ($ PPA internationaux constants de 2011)","2013","2013","I$","25551.1","X","Sources internationales sûres",""
"FS","Données de la sécurité alimentaire","66","Fidji","6126","Valeur","22013","PIB par habitant, ($ PPA internationaux constants de 2011)","2013","2013","I$","7967.6","X","Sources internationales sûres",""
"FS","Données de la sécurité alimentaire","67","Finlande","6126","Valeur","22013","PIB par habitant, ($ PPA internationaux constants de 2011)","2013","2013","I$","39428.3","X","Sources internationales sûres",""
"FS","Données de la sécurité alimentaire","68","France","6126","Valeur","22013","PIB par habitant, ($ PPA internationaux constants de 2011)","2013","2013","I$","37398.9","X","Sources internationales sûres",""
"FS","Données de la sécurité alimentaire","74","Gabon","6126","Valeur","22013","PIB par habitant, ($ PPA internationaux constants de 2011)","2013","2013","I$","16504.6","X","Sources internationales sûres",""
"FS","Données de la sécurité alimentaire","75","Gambie","6126","Valeur","22013","PIB par habitant, ($ PPA internationaux constants de 2011)","2013","2013","I$","1500.5","X","Sources internationales sûres",""
"FS","Données de la sécurité alimentaire","73","Géorgie","6126","Valeur","22013","PIB par habitant, ($ PPA internationaux constants de 2011)","2013","2013","I$","8383.5","X","Sources internationales sûres",""
"FS","Données de la sécurité alimentaire","81","Ghana","6126","Valeur","22013","PIB par habitant, ($ PPA internationaux constants de 2011)","2013","2013","I$","3769.9","X","Sources internationales sûres",""
"FS","Données de la sécurité alimentaire","84","Grèce","6126","Valeur","22013","PIB par habitant, ($ PPA internationaux constants de 2011)","2013","2013","I$","23746.1","X","Sources internationales sûres",""
"FS","Données de la sécurité alimentaire","86","Grenade","6126","Valeur","22013","PIB par habitant, ($ PPA internationaux constants de 2011)","2013","2013","I$","11027.3","X","Sources internationales sûres",""
"FS","Données de la sécurité alimentaire","89","Guatemala","6126","Valeur","22013","PIB par habitant, ($ PPA internationaux constants de 2011)","2013","2013","I$","7005.2","X","Sources internationales sûres",""
"FS","Données de la sécurité alimentaire","90","Guinée","6126","Valeur","22013","PIB par habitant, ($ PPA internationaux constants de 2011)","2013","2013","I$","1812.9","X","Sources internationales sûres",""
"FS","Données de la sécurité alimentaire","61","Guinée équatoriale","6126","Valeur","22013","PIB par habitant, ($ PPA internationaux constants de 2011)","2013","2013","I$","32959.1","X","Sources internationales sûres",""
"FS","Données de la sécurité alimentaire","175","Guinée-Bissau","6126","Valeur","22013","PIB par habitant, ($ PPA internationaux constants de 2011)","2013","2013","I$","1450","X","Sources internationales sûres",""
"FS","Données de la sécurité alimentaire","91","Guyana","6126","Valeur","22013","PIB par habitant, ($ PPA internationaux constants de 2011)","2013","2013","I$","6686.2","X","Sources internationales sûres",""
"FS","Données de la sécurité alimentaire","93","Haïti","6126","Valeur","22013","PIB par habitant, ($ PPA internationaux constants de 2011)","2013","2013","I$","1634.2","X","Sources internationales sûres",""
"FS","Données de la sécurité alimentaire","95","Honduras","6126","Valeur","22013","PIB par habitant, ($ PPA internationaux constants de 2011)","2013","2013","I$","4110.8","X","Sources internationales sûres",""
"FS","Données de la sécurité alimentaire","97","Hongrie","6126","Valeur","22013","PIB par habitant, ($ PPA internationaux constants de 2011)","2013","2013","I$","23121.3","X","Sources internationales sûres",""
"FS","Données de la sécurité alimentaire","127","Îles Marshall","6126","Valeur","22013","PIB par habitant, ($ PPA internationaux constants de 2011)","2013","2013","I$","3450.1","X","Sources internationales sûres",""
"FS","Données de la sécurité alimentaire","25","Îles Salomon","6126","Valeur","22013","PIB par habitant, ($ PPA internationaux constants de 2011)","2013","2013","I$","2107.7","X","Sources internationales sûres",""
"FS","Données de la sécurité alimentaire","100","Inde","6126","Valeur","22013","PIB par habitant, ($ PPA internationaux constants de 2011)","2013","2013","I$","5064.6","X","Sources internationales sûres",""
"FS","Données de la sécurité alimentaire","101","Indonésie","6126","Valeur","22013","PIB par habitant, ($ PPA internationaux constants de 2011)","2013","2013","I$","9651.9","X","Sources internationales sûres",""
"FS","Données de la sécurité alimentaire","102","Iran (République islamique d')","6126","Valeur","22013","PIB par habitant, ($ PPA internationaux constants de 2011)","2013","2013","I$","16587.5","X","Sources internationales sûres",""
"FS","Données de la sécurité alimentaire","103","Iraq","6126","Valeur","22013","PIB par habitant, ($ PPA internationaux constants de 2011)","2013","2013","I$","15557","X","Sources internationales sûres",""
"FS","Données de la sécurité alimentaire","104","Irlande","6126","Valeur","22013","PIB par habitant, ($ PPA internationaux constants de 2011)","2013","2013","I$","45190","X","Sources internationales sûres",""
"FS","Données de la sécurité alimentaire","99","Islande","6126","Valeur","22013","PIB par habitant, ($ PPA internationaux constants de 2011)","2013","2013","I$","42372","X","Sources internationales sûres",""
"FS","Données de la sécurité alimentaire","105","Israël","6126","Valeur","22013","PIB par habitant, ($ PPA internationaux constants de 2011)","2013","2013","I$","31324.9","X","Sources internationales sûres",""
"FS","Données de la sécurité alimentaire","106","Italie","6126","Valeur","22013","PIB par habitant, ($ PPA internationaux constants de 2011)","2013","2013","I$","34219.8","X","Sources internationales sûres",""
"FS","Données de la sécurité alimentaire","109","Jamaïque","6126","Valeur","22013","PIB par habitant, ($ PPA internationaux constants de 2011)","2013","2013","I$","8010","X","Sources internationales sûres",""
"FS","Données de la sécurité alimentaire","110","Japon","6126","Valeur","22013","PIB par habitant, ($ PPA internationaux constants de 2011)","2013","2013","I$","37148.6","X","Sources internationales sûres",""
"FS","Données de la sécurité alimentaire","112","Jordanie","6126","Valeur","22013","PIB par habitant, ($ PPA internationaux constants de 2011)","2013","2013","I$","8662.2","X","Sources internationales sûres",""
"FS","Données de la sécurité alimentaire","108","Kazakhstan","6126","Valeur","22013","PIB par habitant, ($ PPA internationaux constants de 2011)","2013","2013","I$","22972.4","X","Sources internationales sûres",""
"FS","Données de la sécurité alimentaire","114","Kenya","6126","Valeur","22013","PIB par habitant, ($ PPA internationaux constants de 2011)","2013","2013","I$","2642.1","X","Sources internationales sûres",""
"FS","Données de la sécurité alimentaire","113","Kirghizistan","6126","Valeur","22013","PIB par habitant, ($ PPA internationaux constants de 2011)","2013","2013","I$","3116.6","X","Sources internationales sûres",""
"FS","Données de la sécurité alimentaire","83","Kiribati","6126","Valeur","22013","PIB par habitant, ($ PPA internationaux constants de 2011)","2013","2013","I$","1852.9","X","Sources internationales sûres",""
"FS","Données de la sécurité alimentaire","118","Koweït","6126","Valeur","22013","PIB par habitant, ($ PPA internationaux constants de 2011)","2013","2013","I$","75597.3","X","Sources internationales sûres",""
"FS","Données de la sécurité alimentaire","122","Lesotho","6126","Valeur","22013","PIB par habitant, ($ PPA internationaux constants de 2011)","2013","2013","I$","2746.2","X","Sources internationales sûres",""
"FS","Données de la sécurité alimentaire","119","Lettonie","6126","Valeur","22013","PIB par habitant, ($ PPA internationaux constants de 2011)","2013","2013","I$","21563.7","X","Sources internationales sûres",""
"FS","Données de la sécurité alimentaire","121","Liban","6126","Valeur","22013","PIB par habitant, ($ PPA internationaux constants de 2011)","2013","2013","I$","12833.4","X","Sources internationales sûres",""
"FS","Données de la sécurité alimentaire","123","Libéria","6126","Valeur","22013","PIB par habitant, ($ PPA internationaux constants de 2011)","2013","2013","I$","1281.5","X","Sources internationales sûres",""
"FS","Données de la sécurité alimentaire","124","Libye","6126","Valeur","22013","PIB par habitant, ($ PPA internationaux constants de 2011)","2013","2013","I$","21145.8","X","Sources internationales sûres",""
"FS","Données de la sécurité alimentaire","126","Lituanie","6126","Valeur","22013","PIB par habitant, ($ PPA internationaux constants de 2011)","2013","2013","I$","25143.9","X","Sources internationales sûres",""
"FS","Données de la sécurité alimentaire","256","Luxembourg","6126","Valeur","22013","PIB par habitant, ($ PPA internationaux constants de 2011)","2013","2013","I$","90656.4","X","Sources internationales sûres",""
"FS","Données de la sécurité alimentaire","154","Macédoine du Nord","6126","Valeur","22013","PIB par habitant, ($ PPA internationaux constants de 2011)","2013","2013","I$","11875.8","X","Sources internationales sûres",""
"FS","Données de la sécurité alimentaire","129","Madagascar","6126","Valeur","22013","PIB par habitant, ($ PPA internationaux constants de 2011)","2013","2013","I$","1364.3","X","Sources internationales sûres",""
"FS","Données de la sécurité alimentaire","131","Malaisie","6126","Valeur","22013","PIB par habitant, ($ PPA internationaux constants de 2011)","2013","2013","I$","23411.6","X","Sources internationales sûres",""
"FS","Données de la sécurité alimentaire","130","Malawi","6126","Valeur","22013","PIB par habitant, ($ PPA internationaux constants de 2011)","2013","2013","I$","1111.6","X","Sources internationales sûres",""
"FS","Données de la sécurité alimentaire","132","Maldives","6126","Valeur","22013","PIB par habitant, ($ PPA internationaux constants de 2011)","2013","2013","I$","12573","X","Sources internationales sûres",""
"FS","Données de la sécurité alimentaire","133","Mali","6126","Valeur","22013","PIB par habitant, ($ PPA internationaux constants de 2011)","2013","2013","I$","1796.8","X","Sources internationales sûres",""
"FS","Données de la sécurité alimentaire","134","Malte","6126","Valeur","22013","PIB par habitant, ($ PPA internationaux constants de 2011)","2013","2013","I$","29998.9","X","Sources internationales sûres",""
"FS","Données de la sécurité alimentaire","143","Maroc","6126","Valeur","22013","PIB par habitant, ($ PPA internationaux constants de 2011)","2013","2013","I$","7018.2","X","Sources internationales sûres",""
"FS","Données de la sécurité alimentaire","137","Maurice","6126","Valeur","22013","PIB par habitant, ($ PPA internationaux constants de 2011)","2013","2013","I$","17628.8","X","Sources internationales sûres",""
"FS","Données de la sécurité alimentaire","136","Mauritanie","6126","Valeur","22013","PIB par habitant, ($ PPA internationaux constants de 2011)","2013","2013","I$","3685.7","X","Sources internationales sûres",""
"FS","Données de la sécurité alimentaire","138","Mexique","6126","Valeur","22013","PIB par habitant, ($ PPA internationaux constants de 2011)","2013","2013","I$","16896.5","X","Sources internationales sûres",""
"FS","Données de la sécurité alimentaire","145","Micronésie (États fédérés de)","6126","Valeur","22013","PIB par habitant, ($ PPA internationaux constants de 2011)","2013","2013","I$","3141.3","X","Sources internationales sûres",""
"FS","Données de la sécurité alimentaire","141","Mongolie","6126","Valeur","22013","PIB par habitant, ($ PPA internationaux constants de 2011)","2013","2013","I$","10672.9","X","Sources internationales sûres",""
"FS","Données de la sécurité alimentaire","273","Monténégro","6126","Valeur","22013","PIB par habitant, ($ PPA internationaux constants de 2011)","2013","2013","I$","14551.4","X","Sources internationales sûres",""
"FS","Données de la sécurité alimentaire","144","Mozambique","6126","Valeur","22013","PIB par habitant, ($ PPA internationaux constants de 2011)","2013","2013","I$","1070","X","Sources internationales sûres",""
"FS","Données de la sécurité alimentaire","28","Myanmar","6126","Valeur","22013","PIB par habitant, ($ PPA internationaux constants de 2011)","2013","2013","I$","4423.1","X","Sources internationales sûres",""
"FS","Données de la sécurité alimentaire","148","Nauru","6126","Valeur","22013","PIB par habitant, ($ PPA internationaux constants de 2011)","2013","2013","I$","10078.4","X","Sources internationales sûres",""
"FS","Données de la sécurité alimentaire","149","Népal","6126","Valeur","22013","PIB par habitant, ($ PPA internationaux constants de 2011)","2013","2013","I$","2249.8","X","Sources internationales sûres",""
"FS","Données de la sécurité alimentaire","157","Nicaragua","6126","Valeur","22013","PIB par habitant, ($ PPA internationaux constants de 2011)","2013","2013","I$","4529.8","X","Sources internationales sûres",""
"FS","Données de la sécurité alimentaire","158","Niger","6126","Valeur","22013","PIB par habitant, ($ PPA internationaux constants de 2011)","2013","2013","I$","870.4","X","Sources internationales sûres",""
"FS","Données de la sécurité alimentaire","159","Nigéria","6126","Valeur","22013","PIB par habitant, ($ PPA internationaux constants de 2011)","2013","2013","I$","5494.5","X","Sources internationales sûres",""
"FS","Données de la sécurité alimentaire","162","Norvège","6126","Valeur","22013","PIB par habitant, ($ PPA internationaux constants de 2011)","2013","2013","I$","62896.3","X","Sources internationales sûres",""
"FS","Données de la sécurité alimentaire","156","Nouvelle-Zélande","6126","Valeur","22013","PIB par habitant, ($ PPA internationaux constants de 2011)","2013","2013","I$","33876.1","X","Sources internationales sûres",""
"FS","Données de la sécurité alimentaire","221","Oman","6126","Valeur","22013","PIB par habitant, ($ PPA internationaux constants de 2011)","2013","2013","I$","41331","X","Sources internationales sûres",""
"FS","Données de la sécurité alimentaire","226","Ouganda","6126","Valeur","22013","PIB par habitant, ($ PPA internationaux constants de 2011)","2013","2013","I$","1694.7","X","Sources internationales sûres",""
"FS","Données de la sécurité alimentaire","235","Ouzbékistan","6126","Valeur","22013","PIB par habitant, ($ PPA internationaux constants de 2011)","2013","2013","I$","5067.6","X","Sources internationales sûres",""
"FS","Données de la sécurité alimentaire","165","Pakistan","6126","Valeur","22013","PIB par habitant, ($ PPA internationaux constants de 2011)","2013","2013","I$","4241.2","X","Sources internationales sûres",""
"FS","Données de la sécurité alimentaire","180","Palaos","6126","Valeur","22013","PIB par habitant, ($ PPA internationaux constants de 2011)","2013","2013","I$","14856.6","X","Sources internationales sûres",""
"FS","Données de la sécurité alimentaire","299","Palestine","6126","Valeur","22013","PIB par habitant, ($ PPA internationaux constants de 2011)","2013","2013","I$","4559","X","Sources internationales sûres",""
"FS","Données de la sécurité alimentaire","166","Panama","6126","Valeur","22013","PIB par habitant, ($ PPA internationaux constants de 2011)","2013","2013","I$","19393.2","X","Sources internationales sûres",""
"FS","Données de la sécurité alimentaire","168","Papouasie-Nouvelle-Guinée","6126","Valeur","22013","PIB par habitant, ($ PPA internationaux constants de 2011)","2013","2013","I$","3200.1","X","Sources internationales sûres",""
"FS","Données de la sécurité alimentaire","169","Paraguay","6126","Valeur","22013","PIB par habitant, ($ PPA internationaux constants de 2011)","2013","2013","I$","10508.9","X","Sources internationales sûres",""
"FS","Données de la sécurité alimentaire","150","Pays-Bas","6126","Valeur","22013","PIB par habitant, ($ PPA internationaux constants de 2011)","2013","2013","I$","45753.6","X","Sources internationales sûres",""
"FS","Données de la sécurité alimentaire","170","Pérou","6126","Valeur","22013","PIB par habitant, ($ PPA internationaux constants de 2011)","2013","2013","I$","11734.2","X","Sources internationales sûres",""
"FS","Données de la sécurité alimentaire","171","Philippines","6126","Valeur","22013","PIB par habitant, ($ PPA internationaux constants de 2011)","2013","2013","I$","6281.8","X","Sources internationales sûres",""
"FS","Données de la sécurité alimentaire","173","Pologne","6126","Valeur","22013","PIB par habitant, ($ PPA internationaux constants de 2011)","2013","2013","I$","23555.5","X","Sources internationales sûres",""
"FS","Données de la sécurité alimentaire","177","Porto Rico","6126","Valeur","22013","PIB par habitant, ($ PPA internationaux constants de 2011)","2013","2013","I$","34913.6","X","Sources internationales sûres",""
"FS","Données de la sécurité alimentaire","174","Portugal","6126","Valeur","22013","PIB par habitant, ($ PPA internationaux constants de 2011)","2013","2013","I$","25654.6","X","Sources internationales sûres",""
"FS","Données de la sécurité alimentaire","179","Qatar","6126","Valeur","22013","PIB par habitant, ($ PPA internationaux constants de 2011)","2013","2013","I$","118118","X","Sources internationales sûres",""
"FS","Données de la sécurité alimentaire","37","République centrafricaine","6126","Valeur","22013","PIB par habitant, ($ PPA internationaux constants de 2011)","2013","2013","I$","678.3","X","Sources internationales sûres",""
"FS","Données de la sécurité alimentaire","117","République de Corée","6126","Valeur","22013","PIB par habitant, ($ PPA internationaux constants de 2011)","2013","2013","I$","32548.7","X","Sources internationales sûres",""
"FS","Données de la sécurité alimentaire","146","République de Moldova","6126","Valeur","22013","PIB par habitant, ($ PPA internationaux constants de 2011)","2013","2013","I$","5436","X","Sources internationales sûres",""
"FS","Données de la sécurité alimentaire","250","République démocratique du Congo","6126","Valeur","22013","PIB par habitant, ($ PPA internationaux constants de 2011)","2013","2013","I$","741.2","X","Sources internationales sûres",""
"FS","Données de la sécurité alimentaire","120","République démocratique populaire lao","6126","Valeur","22013","PIB par habitant, ($ PPA internationaux constants de 2011)","2013","2013","I$","5079","X","Sources internationales sûres",""
"FS","Données de la sécurité alimentaire","56","République dominicaine","6126","Valeur","22013","PIB par habitant, ($ PPA internationaux constants de 2011)","2013","2013","I$","12183.4","X","Sources internationales sûres",""
"FS","Données de la sécurité alimentaire","215","République-Unie de Tanzanie","6126","Valeur","22013","PIB par habitant, ($ PPA internationaux constants de 2011)","2013","2013","I$","2448.9","X","Sources internationales sûres",""
"FS","Données de la sécurité alimentaire","183","Roumanie","6126","Valeur","22013","PIB par habitant, ($ PPA internationaux constants de 2011)","2013","2013","I$","19077.2","X","Sources internationales sûres",""
"FS","Données de la sécurité alimentaire","229","Royaume-Uni","6126","Valeur","22013","PIB par habitant, ($ PPA internationaux constants de 2011)","2013","2013","I$","37600.8","X","Sources internationales sûres",""
"FS","Données de la sécurité alimentaire","184","Rwanda","6126","Valeur","22013","PIB par habitant, ($ PPA internationaux constants de 2011)","2013","2013","I$","1592.6","X","Sources internationales sûres",""
"FS","Données de la sécurité alimentaire","189","Sainte-Lucie","6126","Valeur","22013","PIB par habitant, ($ PPA internationaux constants de 2011)","2013","2013","I$","11641.1","X","Sources internationales sûres",""
"FS","Données de la sécurité alimentaire","188","Saint-Kitts-et-Nevis","6126","Valeur","22013","PIB par habitant, ($ PPA internationaux constants de 2011)","2013","2013","I$","25523.1","X","Sources internationales sûres",""
"FS","Données de la sécurité alimentaire","191","Saint-Vincent-et-les Grenadines","6126","Valeur","22013","PIB par habitant, ($ PPA internationaux constants de 2011)","2013","2013","I$","10259","X","Sources internationales sûres",""
"FS","Données de la sécurité alimentaire","244","Samoa","6126","Valeur","22013","PIB par habitant, ($ PPA internationaux constants de 2011)","2013","2013","I$","5490.9","X","Sources internationales sûres",""
"FS","Données de la sécurité alimentaire","193","Sao Tomé-et-Principe","6126","Valeur","22013","PIB par habitant, ($ PPA internationaux constants de 2011)","2013","2013","I$","2712.6","X","Sources internationales sûres",""
"FS","Données de la sécurité alimentaire","195","Sénégal","6126","Valeur","22013","PIB par habitant, ($ PPA internationaux constants de 2011)","2013","2013","I$","2800","X","Sources internationales sûres",""
"FS","Données de la sécurité alimentaire","272","Serbie","6126","Valeur","22013","PIB par habitant, ($ PPA internationaux constants de 2011)","2013","2013","I$","14185.4","X","Sources internationales sûres",""
"FS","Données de la sécurité alimentaire","196","Seychelles","6126","Valeur","22013","PIB par habitant, ($ PPA internationaux constants de 2011)","2013","2013","I$","23540.4","X","Sources internationales sûres",""
"FS","Données de la sécurité alimentaire","197","Sierra Leone","6126","Valeur","22013","PIB par habitant, ($ PPA internationaux constants de 2011)","2013","2013","I$","1669.1","X","Sources internationales sûres",""
"FS","Données de la sécurité alimentaire","200","Singapour","6126","Valeur","22013","PIB par habitant, ($ PPA internationaux constants de 2011)","2013","2013","I$","79919.3","X","Sources internationales sûres",""
"FS","Données de la sécurité alimentaire","199","Slovaquie","6126","Valeur","22013","PIB par habitant, ($ PPA internationaux constants de 2011)","2013","2013","I$","26580.7","X","Sources internationales sûres",""
"FS","Données de la sécurité alimentaire","198","Slovénie","6126","Valeur","22013","PIB par habitant, ($ PPA internationaux constants de 2011)","2013","2013","I$","27622.7","X","Sources internationales sûres",""
"FS","Données de la sécurité alimentaire","276","Soudan","6126","Valeur","22013","PIB par habitant, ($ PPA internationaux constants de 2011)","2013","2013","I$","4152.2","X","Sources internationales sûres",""
"FS","Données de la sécurité alimentaire","277","Soudan du Sud","6126","Valeur","22013","PIB par habitant, ($ PPA internationaux constants de 2011)","2013","2013","I$","2143.2","X","Sources internationales sûres",""
"FS","Données de la sécurité alimentaire","38","Sri Lanka","6126","Valeur","22013","PIB par habitant, ($ PPA internationaux constants de 2011)","2013","2013","I$","10238.7","X","Sources internationales sûres",""
"FS","Données de la sécurité alimentaire","210","Suède","6126","Valeur","22013","PIB par habitant, ($ PPA internationaux constants de 2011)","2013","2013","I$","43522.4","X","Sources internationales sûres",""
"FS","Données de la sécurité alimentaire","211","Suisse","6126","Valeur","22013","PIB par habitant, ($ PPA internationaux constants de 2011)","2013","2013","I$","56535.7","X","Sources internationales sûres",""
"FS","Données de la sécurité alimentaire","207","Suriname","6126","Valeur","22013","PIB par habitant, ($ PPA internationaux constants de 2011)","2013","2013","I$","15285.5","X","Sources internationales sûres",""
"FS","Données de la sécurité alimentaire","208","Tadjikistan","6126","Valeur","22013","PIB par habitant, ($ PPA internationaux constants de 2011)","2013","2013","I$","2476","X","Sources internationales sûres",""
"FS","Données de la sécurité alimentaire","39","Tchad","6126","Valeur","22013","PIB par habitant, ($ PPA internationaux constants de 2011)","2013","2013","I$","1993.9","X","Sources internationales sûres",""
"FS","Données de la sécurité alimentaire","167","Tchéquie (la)","6126","Valeur","22013","PIB par habitant, ($ PPA internationaux constants de 2011)","2013","2013","I$","28379.7","X","Sources internationales sûres",""
"FS","Données de la sécurité alimentaire","216","Thaïlande","6126","Valeur","22013","PIB par habitant, ($ PPA internationaux constants de 2011)","2013","2013","I$","14771.2","X","Sources internationales sûres",""
"FS","Données de la sécurité alimentaire","176","Timor-Leste","6126","Valeur","22013","PIB par habitant, ($ PPA internationaux constants de 2011)","2013","2013","I$","8887.1","X","Sources internationales sûres",""
"FS","Données de la sécurité alimentaire","217","Togo","6126","Valeur","22013","PIB par habitant, ($ PPA internationaux constants de 2011)","2013","2013","I$","1379.4","X","Sources internationales sûres",""
"FS","Données de la sécurité alimentaire","219","Tonga","6126","Valeur","22013","PIB par habitant, ($ PPA internationaux constants de 2011)","2013","2013","I$","5123.9","X","Sources internationales sûres",""
"FS","Données de la sécurité alimentaire","220","Trinité-et-Tobago","6126","Valeur","22013","PIB par habitant, ($ PPA internationaux constants de 2011)","2013","2013","I$","31596.5","X","Sources internationales sûres",""
"FS","Données de la sécurité alimentaire","222","Tunisie","6126","Valeur","22013","PIB par habitant, ($ PPA internationaux constants de 2011)","2013","2013","I$","10638.6","X","Sources internationales sûres",""
"FS","Données de la sécurité alimentaire","213","Turkménistan","6126","Valeur","22013","PIB par habitant, ($ PPA internationaux constants de 2011)","2013","2013","I$","13235.8","X","Sources internationales sûres",""
"FS","Données de la sécurité alimentaire","223","Turquie","6126","Valeur","22013","PIB par habitant, ($ PPA internationaux constants de 2011)","2013","2013","I$","21610.5","X","Sources internationales sûres",""
"FS","Données de la sécurité alimentaire","227","Tuvalu","6126","Valeur","22013","PIB par habitant, ($ PPA internationaux constants de 2011)","2013","2013","I$","3132.1","X","Sources internationales sûres",""
"FS","Données de la sécurité alimentaire","230","Ukraine","6126","Valeur","22013","PIB par habitant, ($ PPA internationaux constants de 2011)","2013","2013","I$","8338.9","X","Sources internationales sûres",""
"FS","Données de la sécurité alimentaire","234","Uruguay","6126","Valeur","22013","PIB par habitant, ($ PPA internationaux constants de 2011)","2013","2013","I$","19376.1","X","Sources internationales sûres",""
"FS","Données de la sécurité alimentaire","155","Vanuatu","6126","Valeur","22013","PIB par habitant, ($ PPA internationaux constants de 2011)","2013","2013","I$","2850.9","X","Sources internationales sûres",""
"FS","Données de la sécurité alimentaire","236","Venezuela (République bolivarienne du)","6126","Valeur","22013","PIB par habitant, ($ PPA internationaux constants de 2011)","2013","2013","I$","17982.1","X","Sources internationales sûres",""
"FS","Données de la sécurité alimentaire","237","Viet Nam","6126","Valeur","22013","PIB par habitant, ($ PPA internationaux constants de 2011)","2013","2013","I$","5065.6","X","Sources internationales sûres",""
"FS","Données de la sécurité alimentaire","249","Yémen","6126","Valeur","22013","PIB par habitant, ($ PPA internationaux constants de 2011)","2013","2013","I$","3938.9","X","Sources internationales sûres",""
"FS","Données de la sécurité alimentaire","251","Zambie","6126","Valeur","22013","PIB par habitant, ($ PPA internationaux constants de 2011)","2013","2013","I$","3631","X","Sources internationales sûres",""
"FS","Données de la sécurité alimentaire","181","Zimbabwe","6126","Valeur","22013","PIB par habitant, ($ PPA internationaux constants de 2011)","2013","2013","I$","2491.6","X","Sources internationales sûres",""
